{
  "pools": [
    {
      "name": "emerald",
      "rolls": 1,
      "entries": [
        {
          "type": "item",
          "name": "minecraft:emerald",
          "weight": 10,
          "functions": [
            {
              "function": "set_count",
              "count": {
                "min": 0,
                "max": 2
              }
            }
          ]
        }
      ]
    },
	{
      "name": "tags",
      "rolls": 1,
      "entries": [
		{
          "type": "item",
          "name": "minecraft:name_tag",
          "weight": 10,
          "functions": [
            {
              "function": "set_count",
              "count": {
                "min": 0,
                "max": 1
              }
            }
          ]
        }
      ]	
	}
  ]
}